Frame,Angle (rad)
0.0,-2.791911122802327
1.0,0.6080474730854476
2.0,-0.995839455140476
3.0,0.538069695846983
4.0,0.2960395465957455
5.0,0.26790249553198286
6.0,0.2618295734812348
7.0,0.1494061462208025
8.0,-0.9867785452546632
9.0,-1.0356335718363678
10.0,-2.9950701427421587
11.0,3.0422660761020897
12.0,-3.118045296164895
13.0,3.0719003038029267
14.0,3.082059768406137
15.0,3.113250737534824
16.0,-3.0710235639249905
17.0,3.1131079696105464
18.0,-3.122572174480505
19.0,-3.120010285992413
20.0,3.065563513973939
21.0,3.0726676315180192
22.0,3.1063874464782906
23.0,-3.095054567070343
24.0,3.1100442054095083
25.0,3.0292700101437053
26.0,3.0072940158775223
27.0,2.9151247634958857
28.0,2.916449297962634
29.0,2.877984999614765
30.0,2.9030501124381374
31.0,2.9644414424859336
32.0,2.9059072671938604
33.0,2.91266661400903
34.0,2.991019487181648
35.0,3.048997101526415
36.0,3.11918614077731
37.0,-3.0644028461006902
38.0,-2.9570164102178733
39.0,-2.8713736614836702
40.0,-2.7796722013689044
41.0,-2.588667559709732
42.0,-2.5024296165741005
43.0,-2.4778625602216438
44.0,-2.4718731910314027
45.0,-2.4600932401020477
46.0,-2.4728626634459445
47.0,-2.4565204073059723
48.0,-2.3430803612107525
49.0,-2.3581859860595493
50.0,-2.4786206891915374
51.0,-2.5139716524592064
52.0,-2.6763488183341337
53.0,-2.7647684056583275
54.0,-2.866881490403617
55.0,-2.764159906345733
56.0,-2.8981716943440903
57.0,-2.8745609290939775
58.0,-2.945820990645256
59.0,-2.9488327056066357
60.0,-2.8979142922908077
61.0,-2.8535346243719952
62.0,-2.993748927618648
63.0,-3.0133351116429914
64.0,-3.124525147247173
65.0,3.0667336108464527
66.0,2.9782237480422435
67.0,2.8559966044418728
68.0,2.852800466520881
69.0,2.858747703724209
70.0,2.8081587683509346
71.0,2.789529468164238
72.0,2.7491008742910603
73.0,2.6778949345714853
74.0,2.625432969744529
75.0,2.5245381907443214
76.0,2.5488954818646175
77.0,2.530803094782406
78.0,2.493751927300762
79.0,2.5498913093445696
80.0,2.533834691469533
81.0,2.572334757259934
82.0,2.602782846872799
83.0,2.5799024239421486
84.0,2.5855412924201406
85.0,2.5665291517059488
86.0,2.6095705305374874
87.0,2.5903752138722513
88.0,2.517876051269188
89.0,2.4637264852816267
90.0,2.4898091722985862
91.0,2.5164585362742695
92.0,2.5837344946802068
93.0,2.6167459447623003
94.0,2.742740837204923
95.0,2.6433633769772147
96.0,2.5646911654859204
97.0,2.6043575338341114
98.0,2.569928011379739
99.0,2.4916080004223313
100.0,2.4895427114480726
101.0,2.4367209262036194
102.0,2.344133708000091
103.0,2.2590174671963212
104.0,2.274665329301205
105.0,2.1886682257686623
106.0,2.1763091478951617
107.0,2.286747032545781
108.0,2.4711918397153645
109.0,2.5076990893488675
110.0,2.6033683608942253
111.0,2.6778176616134552
112.0,2.7008927581345183
113.0,2.768097382434958
114.0,2.815317806466727
115.0,2.986836213733537
116.0,3.1122691749518414
117.0,-2.9618105958471985
118.0,-3.0127319716285683
119.0,-2.9795896147395826
120.0,-3.0169421578565325
121.0,-3.066560597205976
122.0,-3.0376339822090315
123.0,-2.9623460141069833
124.0,-2.84205696991682
125.0,-2.716688877045188
126.0,-2.570334546989377
127.0,-2.480605652115579
128.0,-2.250256008862056
129.0,-2.180642904479204
130.0,-2.134426994923227
131.0,-1.9917433967948266
132.0,-1.9140048362822752
133.0,-1.9757281612489945
134.0,-1.9573975060137
135.0,-1.9969295410001642
136.0,-2.101075547894934
137.0,-2.12499642481107
138.0,-2.155581037752822
139.0,-2.2547538513285756
140.0,-2.27080705098542
141.0,-2.3874033450066605
142.0,-2.478954117955687
143.0,-2.4856468548031194
144.0,-2.4791555124262326
145.0,-2.466547231147902
146.0,-2.473943718170415
147.0,-2.521119295344622
148.0,-2.5979520006177923
149.0,-2.6036655104571675
150.0,-2.5776500049963067
151.0,-2.5100401134386736
152.0,-2.5801729055238147
153.0,-2.7657753340184374
154.0,-2.8272851863892776
155.0,-2.976517018797386
156.0,3.1177330326839625
157.0,2.9798490781198774
158.0,2.9195261987116217
159.0,2.8088050998541707
160.0,2.736193696163876
161.0,2.6360939268669674
162.0,2.5345694764007933
163.0,2.427572156287293
164.0,2.476403168632336
165.0,2.5563267542494073
166.0,2.639184597458237
167.0,2.608102198952902
168.0,2.685509422773386
169.0,2.678781278085223
170.0,2.7770347963378033
171.0,2.7684082583965806
172.0,2.820935607405408
173.0,2.8115371676509726
174.0,2.9076125885894775
175.0,2.9375099798306463
176.0,2.934637264323669
177.0,3.053360752568196
178.0,-2.9990539909420804
179.0,-2.9969450101536577
180.0,-2.9429066918579325
181.0,-2.8760067308393262
182.0,-2.8659337841719124
183.0,-2.7473073615929247
184.0,-2.681697235384157
185.0,-2.5703674335521183
186.0,-2.352110182238047
187.0,-2.337067916901823
188.0,-2.370396307562082
189.0,-2.423096850163965
190.0,-2.5462621525886044
191.0,-2.568321896502364
192.0,-2.6345501176193693
193.0,-2.724061303796822
194.0,-2.7016008720405074
195.0,-2.622427344694541
196.0,-2.702493524992895
197.0,-2.7808970038637355
198.0,-2.9522584187067396
199.0,-2.9846507416837604
200.0,-3.0932243047443704
201.0,3.1006003500578494
202.0,3.014003189889828
203.0,2.9214132053335202
204.0,2.768560632958255
205.0,2.7046694467868204
206.0,2.6298797957863504
207.0,2.566399858759543
208.0,2.65896622721319
209.0,2.7316899560654986
210.0,2.7655671620572324
211.0,2.6818816752767134
212.0,2.649020815451454
213.0,2.6402612234851777
214.0,2.4923047823943136
215.0,2.4566998967646003
216.0,2.3333102738184297
217.0,2.3558607906563234
218.0,2.4240111083941
219.0,2.4361776953350063
220.0,2.5497467875648594
221.0,2.6682073134628617
222.0,2.656475416109191
223.0,2.7506381982489474
224.0,2.9400031039437646
225.0,2.7877788791576856
226.0,2.6736636447797313
227.0,2.6782279335366987
228.0,2.6202087717983686
229.0,2.6552454821236515
230.0,2.636686684024843
231.0,2.6221833869938056
232.0,2.5381935673578457
233.0,2.625913418942009
234.0,2.6774755809245647
235.0,2.742938867348817
236.0,2.876430137849135
237.0,3.079598787365999
238.0,-3.026142344366994
239.0,-2.979772203933047
240.0,-2.8793278128717557
241.0,-2.7855426233955383
242.0,-2.6018927258336966
243.0,-2.554730063252635
244.0,-2.5256517798720113
245.0,-2.349545185952805
246.0,-2.2296869439749982
247.0,-2.1519635982637064
248.0,-2.0306010110049115
249.0,-2.018904398064517
250.0,-2.0273815650183935
251.0,-1.893156295841546
252.0,-1.7150696277681363
253.0,-1.6059974973308457
254.0,-1.5716739537817526
255.0,-1.595293255253957
256.0,-1.5694054901118983
257.0,-1.613839402083111
258.0,-1.6506363623627966
259.0,-1.7596552821259301
260.0,-1.75178375036937
261.0,-1.83428477557459
262.0,-1.7726040870993618
263.0,-1.795612346658078
264.0,-1.7487092360834373
265.0,-1.7270234704324707
266.0,-1.631565647405245
267.0,-1.641219097766071
268.0,-1.5560819324743635
269.0,-1.5311361939062609
270.0,-1.4738708495429342
271.0,-1.504143072593432
272.0,-1.3493626366055498
273.0,-1.3927942070983697
274.0,-1.493727471586964
275.0,-1.3848414314054556
276.0,-1.4570694609119685
277.0,-1.3013515243704412
278.0,-1.3559115890414573
279.0,-1.3193472222438023
280.0,-1.3335260391289936
281.0,-1.3435073275873273
282.0,-1.383336597653373
283.0,-1.4041060092120907
284.0,-1.3264887547791953
285.0,-1.3502006724772397
286.0,-1.4843839619900234
287.0,-1.5648070032682442
288.0,-1.6984422054110322
289.0,-1.806628539126263
290.0,-1.8667043501240188
291.0,-1.8380227130420832
292.0,-1.949589827097166
293.0,-2.003834737039928
294.0,-2.22216389848249
295.0,-2.3088154818086033
296.0,-2.584682814781082
297.0,-2.8142936276228037
298.0,-2.948079099347183
299.0,3.120825111906345
300.0,2.987770864855318
301.0,2.736662006197207
302.0,2.614661313015745
303.0,2.509612580866796
304.0,2.4772291031361284
305.0,2.38629416448802
306.0,2.326803243464587
307.0,2.3046526103931755
308.0,2.4267820133170828
309.0,2.4843300338324474
310.0,2.5704612783700207
311.0,2.603413974965501
312.0,2.5369039486725398
313.0,2.5866163090777246
314.0,2.5631884870011694
315.0,2.4951954542037664
316.0,2.5800416014483507
317.0,2.6883200658691817
318.0,2.7900528287923922
319.0,2.8078432383357
320.0,2.799197719403598
321.0,2.8836058093302253
322.0,2.9078528280295037
323.0,2.9623413935834844
324.0,3.04704580372513
325.0,3.0432605937505577
326.0,3.138813589245758
327.0,-3.0530655367292203
328.0,-3.028526898146551
329.0,-3.083036920087733
330.0,-3.1064361946742123
331.0,-2.97514015884561
332.0,-3.095389303660367
333.0,-3.084849791031186
334.0,-3.1363579038599863
335.0,3.109166032066799
336.0,3.0144366917421554
337.0,2.9817309597193695
338.0,2.8104057577705888
339.0,2.7718912110014915
340.0,2.695066834073173
341.0,2.7285099735779554
342.0,2.6368886320067864
343.0,2.650435975872564
344.0,2.7857242751055007
345.0,2.7954895716125563
346.0,2.8135917889117676
347.0,2.8595261933576954
348.0,2.959107610549872
349.0,3.027489683126598
350.0,-3.113088014547319
351.0,-3.056501183624837
352.0,-2.92166616057549
353.0,-2.8171498769232235
354.0,-2.7811313286043355
355.0,-2.6430740007816436
356.0,-2.603768908360683
357.0,-2.646599882336159
358.0,-2.5730118778775672
359.0,-2.622143366332682
360.0,-2.547953713011879
361.0,-2.5388870349647163
362.0,-2.5608138621981684
363.0,-2.568397405018739
364.0,-2.4701090427294226
365.0,-2.506078936509991
366.0,-2.525455585998324
367.0,-2.4967409712702135
368.0,-2.642488795339161
369.0,-2.766698134825207
370.0,-2.6030856007258
371.0,-2.4482458567014733
372.0,-2.3566151140243314
373.0,-2.311241994554537
374.0,-2.162752821413812
375.0,-2.2041127606707196
376.0,-2.124459731851312
377.0,-2.0074206000074772
378.0,-2.005808915000502
379.0,-1.7065259703254485
380.0,-1.6105472503288707
381.0,-1.4480481044189637
382.0,-1.381920368781045
383.0,-1.3383009002438502
384.0,-1.3481397076187058
385.0,-1.281812168975589
386.0,-1.2724267694771798
387.0,-1.1261954069653604
388.0,-1.0427111622386422
389.0,-0.9426140901202534
390.0,-0.894649113877436
391.0,-0.9172655729800854
392.0,-0.9258984363025918
393.0,-0.9486318421018086
394.0,-0.9147701976128675
395.0,-0.8687589577532696
396.0,-0.8780802865038047
397.0,-0.8462323089906763
398.0,-0.7717397217551383
399.0,-0.6919620636373134
400.0,-0.5055438587396173
401.0,-0.4804930984895681
402.0,-0.5233538317965829
403.0,-0.5919106901250428
404.0,-0.5243938924577272
405.0,-0.4788909128288932
406.0,-0.47381064042057197
407.0,-0.5119072945898124
408.0,-0.38969693929894134
409.0,-0.45797701389520973
410.0,-0.3738808241066758
411.0,-0.3729878576572765
412.0,-0.5056328340775531
413.0,-0.5383561638619079
414.0,-0.5046908519058131
415.0,-0.5792640984392957
416.0,-0.6084254472070562
417.0,-0.6111904083169699
418.0,-0.6337472817263166
419.0,-0.9255177997526834
420.0,-1.0633009617860043
421.0,-1.0833485823023468
422.0,-1.1616407428166884
423.0,-1.3717938984658278
424.0,-1.4885833985615347
425.0,-1.931696186775248
426.0,-2.1389148302171
427.0,-2.5114777410530125
428.0,-2.698908167934105
429.0,-3.0130358804423185
430.0,3.1281184736197485
431.0,3.099276107643858
432.0,3.088791084771592
433.0,2.9656145716651334
434.0,2.966365918643195
435.0,2.99044475221298
436.0,3.0684164773654365
437.0,3.0334361006555817
438.0,-2.9419946083189727
439.0,-2.6289479568888217
440.0,-2.486377659888349
441.0,-2.7355405838401246
442.0,-2.718876317401227
443.0,-2.6659162129589853
444.0,-2.661212547345582
445.0,-2.7532855419660014
446.0,-2.784878193368454
447.0,-2.831286875538166
448.0,-2.8041826202397164
449.0,-2.9144689776044315
450.0,-2.8363881150661308
451.0,-2.9907134178477124
452.0,-3.0079457746617244
453.0,-3.1027857231882434
454.0,3.0874515937748934
455.0,2.9489062953490466
456.0,2.753573123639452
457.0,2.6361297662776346
458.0,2.535279338727366
459.0,2.3500488125251406
460.0,2.3651531664394727
461.0,2.3121033575251406
462.0,2.345702636620773
463.0,2.4125830480757537
464.0,2.3623346545680506
465.0,2.2736433031783387
466.0,2.33796532854403
467.0,2.2654306418740298
468.0,2.222420114031777
469.0,2.1494820924641798
470.0,2.192873479351453
471.0,2.185669217253019
472.0,2.0852235288033603
473.0,2.1906739476848918
474.0,2.298130360309145
475.0,2.4057450686681796
476.0,2.4746522249026257
477.0,2.1475720927847215
478.0,2.1314297275561174
479.0,2.1087914728797132
480.0,1.9288639766871056
481.0,1.7600916632301342
482.0,1.695341248187245
483.0,1.6868698958016128
484.0,1.8034992997422983
485.0,1.7538137729283134
486.0,1.7645960980108766
487.0,1.704066066982296
488.0,1.7661856722190072
489.0,1.8265296769479882
490.0,1.8451235885950232
491.0,1.9972220886459844
492.0,1.9503541743054782
493.0,1.9091510536405747
494.0,1.9621646192756668
495.0,2.038756458328946
496.0,2.0574341966826704
497.0,1.915488238501374
498.0,1.8362714912103808
499.0,1.5345566071946886
500.0,1.4575755556525911
501.0,1.4600159228350338
502.0,1.2260033745343772
503.0,1.1751170845259453
504.0,0.8444291807829319
505.0,0.6758024212589333
506.0,0.6946244056093042
507.0,0.6519594003210981
508.0,0.6408066957662519
509.0,0.4471481856785038
510.0,0.5388304686430079
511.0,0.5272026439828981
512.0,0.49640014353218587
513.0,0.46454010672160373
514.0,0.502121369349136
515.0,0.5771611479977526
516.0,0.3778725966835914
517.0,0.3930883454465586
518.0,0.3817917312230352
519.0,0.21583157204588654
520.0,0.005874583536414679
521.0,-0.05264779111214324
522.0,-0.2730129875709726
523.0,-0.1663011702128454
524.0,-0.34974632778582326
525.0,-0.34271177057288016
526.0,-0.48536714540255943
527.0,-0.38730832619355327
528.0,-0.48965192244621303
529.0,-0.4547846707626131
530.0,-0.43934275134291223
531.0,-2.9275375674792143
532.0,-3.048974806816392
533.0,3.001152534172653
534.0,1.9940331554704758
535.0,0.21386726945141254
536.0,-0.1924602624763323
537.0,-2.038983880947072
538.0,-1.4058677463011544
539.0,-1.4058677463011544
540.0,-2.2941872802694325
541.0,-1.4058677463011544
542.0,-1.4058677463011544
543.0,-1.4058677463011544
544.0,-1.4058677463011544
545.0,-1.4058677463011544
546.0,0.049191530775724246
547.0,1.1428952129426584
548.0,1.8732795252843024
549.0,-1.5564874788982774
550.0,-0.9519762552857424
551.0,-0.23777309060700658
552.0,-0.44034076276311773
553.0,-0.4836988959872608
554.0,-0.4216960548402586
555.0,-0.4520043969415579
556.0,-0.40455187698159056
557.0,-0.5967105240813227
558.0,-0.5647932209186497
559.0,-0.34637965127007453
560.0,-0.17882592625284222
561.0,-0.2945046453635749
562.0,-0.18706102749463605
563.0,-0.3001437225093082
564.0,-0.27270912914546463
565.0,-0.3917704958978443
566.0,-0.6075358466375128
567.0,-0.640489270234522
568.0,-0.5979847302411208
569.0,-0.6810316894926209
570.0,-0.6637555623357357
571.0,-0.5697668645005678
572.0,-0.48472748460971715
573.0,-0.4400201854047818
574.0,-0.38576341315809115
575.0,-0.38707976589705617
576.0,-0.4218815586351994
577.0,-0.4891152373603629
578.0,-0.5245236529621704
579.0,-0.6690357783707365
580.0,-0.5302149079937362
581.0,-0.6942129546074427
582.0,-0.7202354798734101
583.0,-0.755044711939667
584.0,-0.6447021654059607
585.0,-0.5530798631808378
586.0,-0.44652640010690803
587.0,-0.41741904760513027
588.0,-0.28149534431638434
589.0,-0.2804107445018009
590.0,-0.27254495170209236
591.0,-0.2609400205276686
592.0,-0.21654593803120203
593.0,-0.19373795917400938
594.0,-0.2207046994004953
595.0,-0.1403667053586093
596.0,-0.08225180971317214
597.0,-0.23249814474241726
598.0,-0.13493681859693285
599.0,-0.09426310911835989
600.0,-0.09067186210901546
601.0,-0.07268298089529646
602.0,-0.15491942239851153
603.0,-0.07272015499440654
604.0,0.01738625162989904
605.0,0.06979172584564886
606.0,0.04829369933731176
607.0,0.17117125716026482
608.0,0.2071286591911463
609.0,0.2773621498010208
610.0,0.2760339944812309
611.0,0.190492706034753
612.0,0.1978786556108476
613.0,0.13389110588770925
614.0,0.15468001903702588
615.0,0.1877022881065229
616.0,0.05904518890434174
617.0,-0.04041481954051829
618.0,-0.007246408859039821
619.0,-0.13377156287837244
620.0,0.012067505584039129
621.0,0.2351346961274534
622.0,0.19062789386957535
623.0,0.1857709220141457
624.0,0.11709382990837836
625.0,0.16719558240318944
626.0,0.014202666213035675
627.0,0.004116784408393359
628.0,0.04606570309965363
629.0,0.06248280076352297
630.0,0.06433892880940228
631.0,0.0791926616796288
632.0,0.165775152686662
633.0,0.33690455586385415
634.0,0.4241500193391117
635.0,0.46220316779188364
636.0,0.5316840223944144
637.0,0.639035751986155
638.0,0.6514911570205767
639.0,0.7598697409113836
640.0,0.7832323874698939
641.0,0.706973525644432
642.0,0.7025809499568866
643.0,0.6727134734671041
644.0,0.6269285569738611
645.0,0.5338871323847316
646.0,0.45102568281578126
647.0,0.48745927043165915
648.0,0.5003495916877823
649.0,0.4662111265513884
650.0,0.4894759931956041
651.0,0.47620688024455404
652.0,0.43493865184373526
653.0,0.37508965795577254
654.0,0.2231920802396079
655.0,0.14749597216837262
656.0,0.15558601210761625
657.0,-0.09851682648282956
658.0,-0.1777700168817795
659.0,-0.2652011240011507
660.0,-0.24407314236371058
661.0,-0.5160278592551673
662.0,-0.6096874381796444
663.0,-0.6056963180030027
664.0,-0.574346866465768
665.0,-0.49654434761549804
666.0,-0.467091555692438
667.0,-0.6357428306588456
668.0,-0.6658336269654562
669.0,-0.8524396415321398
670.0,-1.0360912257585644
671.0,-1.0135742236314444
672.0,-1.2093634304341745
673.0,-1.2264829679612692
674.0,-1.270606716664982
675.0,-1.3260938537674707
676.0,-1.3169383894154876
677.0,-1.1735455045764343
678.0,-0.9128223934794268
679.0,-0.9643764320163992
680.0,-1.0229254615953007
681.0,-1.0568708585901538
682.0,-1.1615715393977157
683.0,-1.25241441623234
684.0,-1.2662420006984443
685.0,-1.173923222123479
686.0,-1.029078540865349
687.0,-1.0770700638810422
688.0,-0.9159416305290081
689.0,-0.7967115665845186
690.0,-0.7516972995319424
691.0,-0.6206498582621183
692.0,-0.7443532840834342
693.0,-0.6959502740911506
694.0,-0.692379800792908
695.0,-0.5872664160430158
696.0,-0.5216589179039808
697.0,-0.4324066868947487
698.0,-0.5897453046572243
699.0,-0.6921315242097027
700.0,-0.7653738850614328
701.0,-0.8176911665169767
702.0,-1.0505915233121386
703.0,-1.1626566183920082
704.0,-1.130032883892048
705.0,-1.083173771130769
706.0,-1.301531880126791
707.0,-1.3168509800557155
708.0,-1.1609970210498342
709.0,-1.0736681920328492
710.0,-1.4552962062324308
711.0,-1.4509458304816447
712.0,-1.6075635756277271
713.0,-1.6403215194310068
714.0,-1.7727328482922995
715.0,-1.8095116457894866
716.0,-1.9412573545910852
717.0,-1.8907715755968524
718.0,-1.9598346388375996
719.0,-2.086008158908182
720.0,-2.2799693637331666
721.0,-2.2424141388051373
722.0,-2.2845028697660212
723.0,-2.335324833433117
724.0,-2.533862058552887
725.0,-2.4772843667676856
726.0,-2.5733507708400536
727.0,-2.6727398581714343
728.0,-2.9708320687646417
729.0,-3.071773971793751
730.0,3.068524361834125
731.0,3.0300326482828126
732.0,3.0764751204112657
733.0,3.0921434774006027
734.0,2.996021975142462
735.0,3.0392961171902306
736.0,3.0512720395298727
737.0,3.065139409287784
738.0,3.0540076311765643
739.0,3.055727465879146
740.0,2.989337067143013
741.0,2.9529384125335234
742.0,2.877390900906027
743.0,2.8434063818159783
744.0,2.682367530644952
745.0,2.718772504397333
746.0,2.6788334920672856
747.0,2.6711514803385006
748.0,2.6082074950671617
749.0,2.6611055443078087
750.0,2.677701737242412
751.0,2.7763675788749014
752.0,2.9190036696230024
753.0,2.965801128521216
754.0,3.0460036340825707
755.0,2.959001821881725
756.0,2.904399253618479
757.0,2.8784410544150463
758.0,2.8924704961337913
759.0,2.8719333315714994
760.0,2.865269920970903
761.0,2.9122011827225793
762.0,2.919129142175594
763.0,3.0020313365758566
764.0,3.0135378698916426
765.0,3.1144890563833076
766.0,3.1186476890577897
767.0,-3.0330443828451346
768.0,-2.9479347066723838
769.0,-2.7857748291918667
770.0,-2.697156551745379
771.0,-2.5674828506988088
772.0,-2.21201565992327
773.0,-2.032979525952993
774.0,-1.8951340711188536
775.0,-1.493805650405529
776.0,-1.5478858848256005
777.0,-1.1957202077287297
778.0,-1.0322880059922808
779.0,-0.8472987846409638
780.0,-0.8482906213821997
781.0,-0.8618001406287643
782.0,-0.6320943624432317
783.0,-0.5704814194659666
784.0,-0.6908366751436369
785.0,-0.5722976673654508
786.0,-0.673644231581264
787.0,-0.7674875303659032
788.0,-0.743190336741055
789.0,-0.8607733405127526
790.0,-0.760061835457326
791.0,-0.9191331067896157
792.0,-0.9504629868142227
793.0,-0.9036345969256567
794.0,-0.8074430520967706
795.0,-0.8983565099291789
796.0,-0.8691366206734379
797.0,-0.9169007890536612
798.0,-1.0021308150871318
799.0,-0.9843035525324224
800.0,-0.8541039602751184
801.0,-0.7946008341130264
802.0,-0.8708660488684709
803.0,-0.788135165681234
804.0,-0.7653361125599644
805.0,-0.7386569141849749
806.0,-0.7216740311691708
807.0,-0.8146068717094611
808.0,-0.8245481681347632
809.0,-0.8603659186654717
810.0,-1.1220853913346316
811.0,-1.2371989075470688
812.0,-1.3134564247265796
813.0,-1.2800472142532335
814.0,-1.2040899604673605
815.0,-1.1348611730844735
816.0,-1.3135686746006956
817.0,-1.2932379608435776
818.0,-1.288759385686664
819.0,-1.3673767942916915
820.0,-1.393329854847256
821.0,-1.592972560409985
822.0,-1.6142199618807063
823.0,-1.8110629074090636
824.0,-1.8990044622681517
825.0,-1.8661363060750475
826.0,-1.6915014006995235
827.0,-1.708350715428362
828.0,-1.7742370603842255
829.0,-1.7863641310092404
830.0,-1.7810978949491956
831.0,-1.79508734685017
832.0,-1.8353739355656584
833.0,-1.9210587101308718
834.0,-1.9700419488282699
835.0,-1.9512943480737834
836.0,-1.9850145008955833
837.0,-1.957999578233693
838.0,-1.995977928694023
839.0,-2.0183605845887977
840.0,-2.0654469778297253
841.0,-1.9831387547444577
842.0,-2.0654562970748875
843.0,-2.0449096313898156
844.0,-2.24625113156888
845.0,-2.267668633499355
846.0,-2.407025292388061
847.0,-2.452178368048868
848.0,-2.4700733994125463
849.0,-2.6806838869253724
850.0,-2.832777880476673
851.0,-2.90106384303619
852.0,-2.9276046103289133
853.0,-2.985169519627837
854.0,-2.869867345918956
855.0,-2.942806297780773
856.0,-2.775302189678821
857.0,-2.7975946724596
858.0,-2.7011165382925637
859.0,-2.6520401520530634
860.0,-2.548826799747248
861.0,-2.4774367624247886
862.0,-2.4113493110831667
863.0,-2.330690963397437
864.0,-2.1730309964597176
865.0,-2.036437544071494
866.0,-1.9347144583054714
867.0,-1.9341618789780097
868.0,-1.7883212634698293
869.0,-1.4928389741741315
870.0,-1.553255267281905
871.0,-1.2570828214756098
872.0,-1.0712365112698123
873.0,-0.8454170084137085
874.0,-0.7645905817974343
875.0,-0.8728408117123077
876.0,-0.7836011537608585
877.0,-0.7373678179746813
878.0,-0.6847907991867775
879.0,-0.6692508874117403
880.0,-0.7700887831819782
881.0,-0.7136075016760316
882.0,-0.7654150228047889
883.0,-0.6654494429926271
884.0,-0.6496860536814301
885.0,-0.4753537132192269
886.0,-0.4354841502855089
887.0,-0.5485057117984018
888.0,-0.5788047804441212
889.0,-0.6344993301836857
890.0,-0.6354106083397342
891.0,-0.7460152280617635
892.0,-0.7091852304215975
893.0,-0.8018779411109124
894.0,-0.768647159631292
895.0,-0.8141447733697672
896.0,-0.780572319497655
897.0,-0.7747564713646448
898.0,-0.8198062999322993
899.0,-0.7539347217687459
900.0,-1.1082769494203588
901.0,-1.1130135915748687
902.0,-1.1088311834898046
903.0,-1.2878253026400133
904.0,-1.1898216702763411
905.0,-1.2218017865535944
906.0,-1.4061442172049807
907.0,-1.30902784122354
908.0,-1.3682404039176925
909.0,-1.5420469980295946
910.0,-1.6463190510449925
911.0,-1.756214098746935
912.0,-1.8805960107091173
913.0,-1.9413403480705063
914.0,-1.9882184959013975
915.0,-2.011868292351336
916.0,-2.12701552071219
917.0,-2.2194660272933673
918.0,-2.155025247181542
919.0,-2.1081805555951467
920.0,-2.150546001209055
921.0,-2.2602068861266638
922.0,-2.3451771646700745
923.0,-2.410961817058035
924.0,-2.248150184661602
925.0,-2.2230377565286736
926.0,-1.9982419849310562
927.0,-2.166040230252689
928.0,-2.1666934055119853
929.0,-2.2440239091599308
930.0,-2.154635524011982
931.0,-2.112533026923718
932.0,-2.042459599828785
933.0,-1.9665351372438746
934.0,-2.128566408926741
935.0,-2.2137479286844575
936.0,-2.0518179117467024
937.0,-2.0065818485436453
938.0,-2.051241441920344
939.0,-2.137350162370254
940.0,-2.134631222279234
941.0,-2.1434683425898746
942.0,-2.1818501439011464
943.0,-2.1210668199467104
944.0,-2.076064654422742
945.0,-1.8805078675569686
946.0,-1.711027524364154
947.0,-1.4588650214668815
948.0,-1.2758439793438638
949.0,-1.2649642527620286
950.0,-0.9612969620784637
951.0,-1.027330569729585
952.0,-0.8031143982650114
953.0,-0.7029887215931423
954.0,-0.8130723173031948
955.0,-0.7495648841348688
956.0,-0.7088670961163615
957.0,-0.6100439182169063
958.0,-0.6657960424040098
959.0,-0.7054712178357659
960.0,-0.7643548790784148
961.0,-0.8453316104320099
962.0,-0.8929028045740094
963.0,-0.9262487179503788
964.0,-1.1552284370606587
965.0,-1.0753005389442802
966.0,-1.2372539620515832
967.0,-1.3127294058765784
968.0,-1.3944225037541231
969.0,-1.4056913924857244
970.0,-1.3626723120149946
971.0,-1.2616635709191226
972.0,-1.5104254187182926
973.0,-1.579611561984807
974.0,-1.63534856085861
975.0,-1.6449353441109644
976.0,-1.670618319476658
977.0,-1.770853960271524
978.0,-1.8871894053700902
979.0,-1.8646920643300977
980.0,-1.919058536193143
981.0,-1.9511880564080915
982.0,-0.9232057217695091
983.0,-2.1212322444247222
984.0,-1.4275388184323956
985.0,-1.4322453629250718
986.0,2.5878083493844564
987.0,-2.6516620153696224
988.0,-1.4041158923622035
989.0,-1.5693354960265733
990.0,-1.827625673470056
991.0,0.8930292869229719
992.0,-1.4633758341950367
993.0,-1.468614356970212
994.0,-1.4643281919364421
995.0,-1.5684138894602955
996.0,-1.572284186775913
997.0,-1.4761934362295202
998.0,-1.4675203155177945
999.0,-1.4838964176131133
1000.0,-1.475616094137134
1001.0,-1.4795425816702434
1002.0,-1.470935991244307
1003.0,-1.497330447894563
1004.0,-1.897544489064911
1005.0,-1.8892914601582298
1006.0,-1.9005616165761254
1007.0,-1.9550726672844272
1008.0,-1.9570385060028128
1009.0,-1.984318687552254
1010.0,-2.0065350297391578
1011.0,-2.0534139378637146
1012.0,-2.0641810283452635
1013.0,-1.402589690975099
1014.0,-2.066241267981315
1015.0,-1.9961376514772713
1016.0,-1.4264385638478194
1017.0,-2.1717180883327036
1018.0,-1.4323652522330765
1019.0,-1.9215344922608568
1020.0,-2.2089337168145513
1021.0,-2.2428746171510148
1022.0,-2.2403348390493245
1023.0,-1.4480997470359884
1024.0,-1.43160101492039
1025.0,-1.438903666523932
1026.0,-1.4316303522840177
1027.0,-1.4390953495437855
1028.0,-1.4316154771218548
1029.0,-1.4390142228526948
1030.0,-1.4391063569494227
1031.0,-1.4383945083270775
1032.0,-1.4263877884550642
1033.0,-1.4326372291149816
1034.0,-1.4312412507761443
1035.0,-2.200035303256093
1036.0,-1.5829918633997724
1037.0,-1.4389358698286254
1038.0,-1.432512282103548
1039.0,-1.4441847996393526
1040.0,-1.4267129970938486
1041.0,-1.574285779288781
1042.0,-1.4315438276658645
1043.0,-2.093056731431689
1044.0,-2.0928434481673452
1045.0,-2.1640849559597743
1046.0,-2.1670523750293125
1047.0,-1.4314568392431597
1048.0,-1.4259880195992403
1049.0,-2.1682098997251935
1050.0,-1.4180959459714508
1051.0,-1.4143772941845936
1052.0,2.4945210505158424
1053.0,-2.2778190752359415
1054.0,-2.27703092794131
1055.0,-1.4309287323034958
1056.0,-1.417920997979043
1057.0,-2.080916824348459
1058.0,-1.4177324541894638
1059.0,-2.1222952778778876
1060.0,-2.1759407178330243
1061.0,-1.4323996014387892
1062.0,-1.4206420295230642
1063.0,-2.2706825586386565
1064.0,-1.4207376602208552
1065.0,-1.4326750588989419
1066.0,-1.4178244580982082
1067.0,-1.4266667537743232
1068.0,-1.4181618364221598
1069.0,-1.4258836132346466
1070.0,-1.4188324378767572
1071.0,-1.432461132182548
1072.0,-1.4177807212588494
1073.0,-1.4315960399750203
1074.0,-1.4177217664695512
1075.0,-1.4259635620078484
1076.0,-1.4176418354503215
1077.0,-1.4233259080849663
1078.0,-1.4187855029577803
1079.0,-1.4260091311702001
1080.0,-1.4178447535347787
1081.0,-1.4316157060972259
1082.0,-1.417831453179518
1083.0,-1.4270085130709589
1084.0,-1.4178707581037748
1085.0,-1.4258286054926834
1086.0,-1.5818602322893243
1087.0,-1.4220280991872383
1088.0,-1.4180420795492883
1089.0,-1.4232861101885221
1090.0,-1.4175341877716743
1091.0,-1.4233788647687735
1092.0,-1.417646714645855
1093.0,-1.4221322301203352
1094.0,-1.418709497396572
1095.0,-1.9246044064814571
1096.0,-1.4176991589820922
1097.0,-1.9694626334280185
1098.0,-1.4176982560685338
1099.0,-2.0116976303159158
1100.0,-1.4144328015330658
1101.0,-1.4233249515179143
1102.0,-1.4180615005076709
1103.0,-2.0211110400252013
1104.0,-2.097025889841039
1105.0,-2.1439960996716816
1106.0,-2.6040797878567026
1107.0,-2.1799600568258843
1108.0,-2.149572865492993
1109.0,-2.142015372784745
1110.0,-2.215025104924156
1111.0,-2.2753069552999747
1112.0,-2.2231990219015634
1113.0,-2.288851484702221
1114.0,-1.4137849098926156
1115.0,-2.310313635197456
1116.0,-2.3201099594448733
1117.0,-2.343485301321775
1118.0,-1.4138054819778005
1119.0,-1.4180783788381506
1120.0,-1.4133188542486252
1121.0,-1.4144420399651105
1122.0,-1.4119852780520639
1123.0,-1.4138100835006238
1124.0,-1.4102642422844895
1125.0,-1.4137869864406545
1126.0,-1.410220180291
1127.0,-1.4125446483401454
1128.0,-1.4095329249606958
1129.0,-1.4125656572322962
1130.0,-1.4095757346700033
1131.0,-1.4132713790136602
1132.0,-1.4100592890255457
1133.0,-1.4125465913720077
1134.0,-1.4095700690533457
1135.0,-1.4125440304651997
1136.0,-1.565007373495019
1137.0,-1.41212586117148
1138.0,-1.4095771956864054
1139.0,-1.4126264116385123
1140.0,-1.4100777945558118
1141.0,-1.5825597758550418
1142.0,-1.5889812229388949
1143.0,-1.4120736242311782
1144.0,-1.410063178288175
1145.0,-1.4120761666826598
1146.0,-1.4084999844238972
1147.0,-1.4126053536271326
1148.0,-2.1343088023092838
1149.0,-1.4117686100540747
1150.0,-1.408494824555947
1151.0,-1.4132945273228827
1152.0,-2.212809441881355
1153.0,-2.404942256369955
1154.0,-1.4095233611649716
1155.0,-1.4118438272189069
1156.0,-1.5878571114228646
1157.0,-2.2657453602471733
1158.0,-1.4095868941504588
1159.0,-1.4121582369166188
1160.0,-1.4095613237561881
1161.0,-1.4122432647631769
1162.0,-2.323982668114195
1163.0,-1.4126143947895478
1164.0,-1.5730754176996185
1165.0,-1.7523261669570787
1166.0,-1.8742595278871141
1167.0,-1.7987073097706112
1168.0,-1.162511324561064
1169.0,-1.7087014650571215
1170.0,-2.0232942298636907
1171.0,-1.4120259870587237
1172.0,-1.4085217781243484
1173.0,-2.2039361050252557
1174.0,-1.8296670322025035
1175.0,-1.8607290283722806
1176.0,-2.191283593123056
1177.0,-1.8726206874872624
1178.0,-1.888787140613677
1179.0,-1.9289389562183796
1180.0,-1.9398378136702439
1181.0,-1.9706545067591532
1182.0,-1.980173949713372
1183.0,-2.0197437355641146
1184.0,-2.0321690458011785
1185.0,-2.0560140213289224
1186.0,-2.0777695286043194
1187.0,-2.102689921983226
1188.0,-2.131942766469561
1189.0,-2.138404061280016
1190.0,-2.170665618637118
1191.0,-2.1884535993188416
1192.0,-2.2064290054634093
1193.0,-2.321968676435027
1194.0,-2.2418403459213687
1195.0,-2.2192244764597735
1196.0,-2.2367335293612323
1197.0,-2.2559996075120186
1198.0,-2.2863412506114855
1199.0,-1.9363679624011536
1200.0,-2.3145446079430823
1201.0,-2.320454157647792
1202.0,-2.346205927861988
1203.0,-2.346405425411416
1204.0,-2.3737288558267573
1205.0,-2.163722610060951
1206.0,-2.401092112403855
1207.0,-2.375757847484326
1208.0,-2.40280082125674
1209.0,-1.410286561632009
1210.0,-2.4265307675651906
1211.0,-2.415986956769279
1212.0,-2.4470369823179094
1213.0,-1.4100289270531845
1214.0,-1.4070112338008736
1215.0,-1.4096657576620917
1216.0,-1.4069901485440137
1217.0,-1.4100712634040973
1218.0,-2.489600245850455
1219.0,-1.4100499434367944
1220.0,-1.4063676037821127
1221.0,-1.4100725886670515
1222.0,-1.4064170483987164
1223.0,-1.4102416297051197
1224.0,-1.40697961421083
1225.0,-1.4100410900683178
1226.0,-1.4064186299775252
1227.0,-1.4100682721612277
1228.0,-1.4064275450276882
1229.0,-1.4096141072267465
1230.0,-1.4064039209392403
1231.0,-1.410275153275363
1232.0,-1.4070400812468498
1233.0,-1.4102257512910092
1234.0,-1.4070028024347119
1235.0,-1.4100543698204864
1236.0,-1.4063874142278627
1237.0,-1.409691628237801
1238.0,-1.4063814587578896
1239.0,-1.4102259491146485
1240.0,-1.4069777193842194
1241.0,1.5802726218248129
1242.0,-1.4069900748810227
1243.0,-1.4096352465360402
1244.0,-1.4067941051511605
1245.0,-1.409582029882284
1246.0,-1.4067941431137911
1247.0,-1.4096700519327243
1248.0,-1.4063889319455143
1249.0,-1.409652477130193
1250.0,-1.4064289492491826
1251.0,-1.4102168140826843
